,name,phone,price_range,year_in_business,amenities,categories,city_name,city_code,zip_code,updated_at,open_status,website,order_online,rating,rating_count,rating,rating_count,rating
0,Palermo Ristorante Italiano,(323) 663-1178,1.0,44.0,['Wheelchair accessible'],"['Restaurants', 'Pizza', 'Italian Restaurants']",Los Angeles,CA,90027.0,2023-03-10 07:22:33.449679,CLOSED NOW,http://palermorestaurant.net,Order Online,4.5,44.0,4.5,133.0,7.9
1,Casa Bianca Pizza Pie,(323) 256-9617,2.0,68.0,"['Wheelchair accessible', 'Good for groups', 'Serves alcohol', 'Takes reservations', 'Good for families']","['Restaurants', 'Pizza', 'Italian Restaurants']",Los Angeles,CA,90041.0,2023-03-10 07:22:33.463341,,http://www.casabiancapizza.com,,4.5,68.0,4.5,106.0,7.72
2,Dulan Soul Food Kitchen,(323) 418-8527,2.0,28.0,"['Offers outdoor seating', 'Wheelchair accessible']","['Restaurants', 'Soul Food Restaurants', 'American Restaurants']",Los Angeles,CA,90047.0,2023-03-10 07:22:33.488686,OPEN NOW,http://www.dulans-sfk.com,,4.0,28.0,,,8.43
3,Mauro_s Restaurant,(323) 653-7970,2.0,12.0,"['Offers outdoor seating', 'Wheelchair accessible', 'Has Wifi', 'Serves alcohol', 'Takes reservations']","['Restaurants', 'Breakfast, Brunch & Lunch Restaurants', 'Italian Restaurants']",Los Angeles,CA,90046.0,2023-03-10 07:22:33.500918,CLOSED NOW,http://www.mauroscafe.com,,5.0,12.0,4.5,44.0,8.43
4,Dinah_s Family Restaurant,(310) 645-0456,2.0,32.0,"['Wheelchair accessible', 'Has Wifi', 'Serves alcohol']","['Restaurants', 'Family Style Restaurants', 'Caterers']",Los Angeles,CA,90045.0,2023-03-10 07:22:33.513487,CLOSED NOW,,Order Online,4.0,32.0,4.0,283.0,6.75
5,Canele,(323) 666-7133,2.0,11.0,"['Offers outdoor seating', 'Wheelchair accessible', 'Serves alcohol', 'Takes reservations']","['Restaurants', 'French Restaurants', 'American Restaurants']",Los Angeles,CA,90039.0,2023-03-10 07:22:33.525617,CLOSED NOW,http://www.canele-la.com,Order Online,4.0,11.0,,,
6,Tacos Baja,(323) 887-1980,1.0,,,"['Restaurants', 'Mexican Restaurants', 'Seafood Restaurants']",Los Angeles,CA,90022.0,2023-03-10 07:22:33.537434,CLOSED NOW,http://www.lataco.com/taco/tacos-baja-ensenada-east-los-angeles,Order Online,4.5,,4.5,10.0,8.72
7,Fish Grill,(323) 937-7162,2.0,15.0,"['Offers outdoor seating', 'Wheelchair accessible', 'Has Wifi', 'Good for families']","['Restaurants', 'Seafood Restaurants', 'Caterers']",Los Angeles,CA,90036.0,2023-03-10 07:22:33.550309,CLOSED NOW,https://fishgrill.com/locations,Order Online,4.5,15.0,4.5,50.0,7.64
8,TGI Fridays,(310) 337-1143,2.0,11.0,,"['Restaurants', 'American Restaurants', 'Bar & Grills']",Los Angeles,CA,90045.0,2023-03-10 07:22:33.562684,CLOSED NOW,https://www.tgifridays.com,,5.0,11.0,,,
9,Marouch Restaurant,(323) 662-9325,2.0,,"['Wheelchair accessible', 'Serves alcohol', 'Takes reservations']","['Restaurants', 'Middle Eastern Restaurants', 'Mediterranean Restaurants']",Los Angeles,CA,90029.0,2023-03-10 07:22:33.587762,CLOSED NOW,http://www.marouchrestaurant.com,Order Online,4.5,,4.5,44.0,8.18
10,Divino,(310) 472-0886,3.0,27.0,"['Offers outdoor seating', 'Has Wifi', 'Serves alcohol', 'Takes reservations']","['Restaurants', 'Italian Restaurants', 'Pizza']",Los Angeles,CA,90049.0,2023-03-10 07:22:33.600759,CLOSED NOW,http://www.divinobrentwood.com,Order Online,4.5,27.0,4.0,74.0,7.22
11,Amalfi Restaurant and Bar,(323) 938-2504,2.0,31.0,"['Wheelchair accessible', 'Good for groups', 'Serves alcohol']","['Restaurants', 'Pizza', 'Italian Restaurants']",Los Angeles,CA,90036.0,2023-03-10 07:22:33.614088,CLOSED NOW,http://www.amalfiristorante.com,Order Online,4.5,31.0,,,
12,The Main Course,(310) 475-7564,2.0,37.0,"['Wheelchair accessible', 'Has Wifi', 'Takes reservations']","['Restaurants', 'Health Food Restaurants', 'Family Style Restaurants']",Los Angeles,CA,90064.0,2023-03-10 07:22:33.639815,CLOSED NOW,http://www.themaincourse.biz,Order Online,4.0,37.0,4.0,15.0,
13,The Cellar,(310) 277-1584,2.0,37.0,"['Offers outdoor seating', 'Wheelchair accessible', 'Good for groups', 'Serves alcohol', 'Takes reservations']","['Restaurants', 'American Restaurants', 'Bars']",Los Angeles,CA,90067.0,2023-03-10 07:22:33.653131,CLOSED NOW,http://thecellarbarandgrill.com,Order Online,3.5,37.0,4.5,7.0,6.31
14,Rocco_s Italian Kitchen,(323) 655-0058,1.0,22.0,"['Offers outdoor seating', 'Wheelchair accessible', 'Serves alcohol', 'Takes reservations', 'Good for families']","['Restaurants', 'Pizza', 'Italian Restaurants']",Los Angeles,CA,90048.0,2023-03-10 07:22:33.666041,CLOSED NOW,http://www.roccospizza.la,Order Online,4.5,22.0,4.5,62.0,7.67
15,Fathers Office,(310) 736-2224,2.0,16.0,"['Offers outdoor seating', 'Wheelchair accessible', 'Serves alcohol']","['Restaurants', 'American Restaurants', 'Bars']",Los Angeles,CA,90034.0,2023-03-10 07:22:33.679170,CLOSED NOW,http://fathersoffice.com,,4.0,16.0,4.0,170.0,8.5
16,Aki Restaurant,(310) 479-8406,2.0,,"['Wheelchair accessible', 'Serves alcohol']","['Restaurants', 'Japanese Restaurants', 'Family Style Restaurants']",Los Angeles,CA,90025.0,2023-03-10 07:22:33.691707,CLOSED NOW,,Order Online,4.0,,4.5,9.0,7.26
17,Sor Tino,(310) 442-8466,3.0,19.0,"['Offers outdoor seating', 'Wheelchair accessible', 'Has Wifi', 'Serves alcohol', 'Takes reservations']","['Restaurants', 'Italian Restaurants', 'Caterers']",Los Angeles,CA,90049.0,2023-03-10 07:22:33.706207,CLOSED NOW,http://www.sortinorestaurant.com,Order Online,5.0,19.0,4.0,39.0,7.73
18,Pipers Restaurant,(323) 465-7701,2.0,39.0,"['Offers outdoor seating', 'Wheelchair accessible', 'Good for groups', 'Has Wifi', 'Serves alcohol']","['Restaurants', 'American Restaurants', 'Family Style Restaurants']",Los Angeles,CA,90004.0,2023-03-10 07:22:33.720515,OPEN 24 Hours,,Order Online,5.0,39.0,4.0,9.0,
19,Humble Potato,(323) 989-2242,2.0,11.0,['Wheelchair accessible'],"['Restaurants', 'American Restaurants', 'Caterers']",Los Angeles,CA,90045.0,2023-03-10 07:22:33.734696,CLOSED NOW,http://www.humblepotato.com,Order Online,4.0,11.0,4.5,42.0,
20,Cork Bar & Grill Restaurant,(323) 731-2030,2.0,29.0,['Serves alcohol'],"['Restaurants', 'Pizza', 'Bar & Grills']",Los Angeles,CA,90016.0,2023-03-10 07:22:33.747016,OPEN NOW,https://corkboards.com,,3.0,29.0,,,7.72
21,Post & Beam,(323) 299-5599,2.0,,['Serves alcohol'],"['Restaurants', 'American Restaurants', 'Soul Food Restaurants']",Los Angeles,CA,90008.0,2023-03-10 07:22:33.759148,CLOSED NOW,http://www.postandbeamla.com,,,,4.5,60.0,8.68
22,Tamayo,(323) 260-4700,2.0,35.0,"['Wheelchair accessible', 'Serves alcohol', 'Takes reservations']","['Restaurants', 'Latin American Restaurants', 'Caterers']",Los Angeles,CA,90022.0,2023-03-10 07:22:33.771980,CLOSED NOW,https://www.la-tamayo.com/contact,Order Online,,35.0,4.5,52.0,7.72
23,Angelini Osteria,(323) 297-0070,3.0,22.0,"['Offers outdoor seating', 'Wheelchair accessible', 'Good for groups', 'Serves alcohol', 'Takes reservations']","['Restaurants', 'Italian Restaurants', 'Mediterranean Restaurants']",Los Angeles,CA,90036.0,2023-03-10 07:22:33.784581,OPEN NOW,https://www.angelinirestaurantgroup.com,Order Online,4.5,22.0,4.5,517.0,9.2
24,Carlitos Gardel Restaurant,(323) 655-0891,3.0,26.0,"['Wheelchair accessible', 'Serves alcohol', 'Takes reservations', 'Good for families']","['Restaurants', 'Family Style Restaurants', 'Latin American Restaurants']",Los Angeles,CA,90046.0,2023-03-10 07:22:33.797470,CLOSED NOW,http://www.carlitosgardel.com,Order Online,5.0,26.0,4.5,226.0,8.1
25,Vincenti Ristorante,(310) 207-0127,3.0,26.0,"['Wheelchair accessible', 'Good for groups', 'Serves alcohol', 'Takes reservations']","['Restaurants', 'Family Style Restaurants', 'Caterers']",Los Angeles,CA,90049.0,2023-03-10 07:22:33.810381,CLOSED NOW,http://www.vincentiristorante.com,Order Online,4.5,26.0,4.5,54.0,7.94
26,The Boiling Crab,(626) 576-9368,1.0,,,"['Restaurants', 'Seafood Restaurants']",Alhambra,CA,91803.0,2023-03-10 07:22:49.528981,CLOSED NOW,,Order Online,4.0,,4.0,68.0,
27,Berri_s Pizza Cafe,(323) 852-0642,2.0,29.0,"['Offers outdoor seating', 'Wheelchair accessible', 'Good for groups', 'Has Wifi', 'Serves alcohol', 'Takes reservations']","['Restaurants', 'Italian Restaurants', 'Pizza']",Los Angeles,CA,90048.0,2023-03-10 07:22:33.822766,OPEN NOW,,,,29.0,3.5,62.0,8.76
28,Sur Restaurant,(310) 289-2824,3.0,29.0,"['Wheelchair accessible', 'Serves alcohol']","['Restaurants', 'American Restaurants', 'Bars']",West Hollywood,CA,90069.0,2023-03-10 07:22:43.277068,CLOSED NOW,http://www.surrestaurant.com,Order Online,4.5,29.0,3.5,1018.0,
29,Le Petit Four,(310) 652-3863,2.0,41.0,"['Offers outdoor seating', 'Wheelchair accessible', 'Good for groups', 'Serves alcohol', 'Takes reservations']","['Restaurants', 'French Restaurants', 'Italian Restaurants']",West Hollywood,CA,90069.0,2023-03-10 07:22:43.289078,CLOSED NOW,http://www.lepetitfour.com,Order Online,,41.0,4.5,475.0,8.2
30,The Capital Grille,(310) 358-0650,,,,"['Restaurants', 'Fine Dining Restaurants', 'Bar & Grills']",West Hollywood,CA,90048.0,2023-03-10 07:22:43.301040,CLOSED NOW,https://www.thecapitalgrille.com/pages/loc.aspx?id=8042,,,,,,
31,Katana,(323) 650-8585,3.0,22.0,"['Offers outdoor seating', 'Wheelchair accessible', 'Has Wifi', 'Serves alcohol', 'Takes reservations']","['Restaurants', 'Sushi Bars', 'Japanese Restaurants']",West Hollywood,CA,90069.0,2023-03-10 07:22:43.312408,OPEN NOW,http://www.innovativedining.com/restaurants/katana,,4.0,22.0,4.5,550.0,8.46
32,Hamburger Mary_s,(323) 654-3800,2.0,17.0,"['Offers outdoor seating', 'Wheelchair accessible', 'Has Wifi', 'Serves alcohol', 'Takes reservations']","['Restaurants', 'Hamburgers & Hot Dogs', 'Take Out Restaurants']",West Hollywood,CA,90046.0,2023-03-10 07:22:43.324863,OPEN NOW,http://www.hamburgermarys.com,Order Online,1.0,17.0,3.5,154.0,7.5
33,Dan Tana_s,(310) 275-9444,3.0,59.0,"['Wheelchair accessible', 'Good for groups', 'Serves alcohol', 'Takes reservations']","['Restaurants', 'Italian Restaurants', 'Take Out Restaurants']",West Hollywood,CA,90069.0,2023-03-10 07:22:43.337034,OPEN NOW,http://www.dantanasrestaurant.com,Order Online,4.0,59.0,4.0,300.0,8.8
34,Chin Chin,(310) 237-7013,2.0,8.0,"['Offers outdoor seating', 'Wheelchair accessible', 'Good for groups', 'Serves alcohol', 'Takes reservations']","['Restaurants', 'Chinese Restaurants', 'Take Out Restaurants']",West Hollywood,CA,90069.0,2023-03-10 07:22:43.350170,CLOSED NOW,http://www.chinchin.com,Order Online,5.0,8.0,4.0,214.0,7.63
35,"The Butcher, The Baker, The Cappuccino Maker",(310) 360-6900,2.0,,"['Offers outdoor seating', 'Wheelchair accessible', 'Serves alcohol', 'Takes reservations']","['Restaurants', 'Coffee & Espresso Restaurants', 'Bakeries']",West Hollywood,CA,90069.0,2023-03-10 07:22:43.374548,,http://www.bbcmcafe.com,,5.0,,4.5,214.0,8.92
36,Baby Blues BBQ,(323) 656-1277,2.0,14.0,"['Wheelchair accessible', 'Good for groups', 'Serves alcohol', 'Takes reservations', 'Good for families']","['Restaurants', 'Barbecue Restaurants', 'Soul Food Restaurants']",West Hollywood,CA,90046.0,2023-03-10 07:22:43.387580,CLOSED NOW,http://www.babybluesbbq.com,,4.0,14.0,,,
37,Hugo_s Restaurant,(323) 654-3993,2.0,25.0,"['Offers outdoor seating', 'Wheelchair accessible', 'Has Wifi', 'Serves alcohol', 'Takes reservations']","['Restaurants', 'Health Food Restaurants', 'Family Style Restaurants']",West Hollywood,CA,90069.0,2023-03-10 07:22:43.400031,CLOSED NOW,https://www.hugosrestaurant.com,Order Online,4.5,25.0,4.0,277.0,8.67
38,ink restaurant,(323) 651-5866,3.0,12.0,"['Offers outdoor seating', 'Wheelchair accessible', 'Serves alcohol']","['Restaurants', 'American Restaurants', 'Japanese Restaurants']",West Hollywood,CA,90069.0,2023-03-10 07:22:43.412686,CLOSED NOW,http://mvink.com,,4.5,12.0,,,
39,Lucques,(323) 655-6277,3.0,15.0,"['Offers outdoor seating', 'Wheelchair accessible', 'Good for groups', 'Serves alcohol', 'Takes reservations']","['Restaurants', 'Fine Dining Restaurants', 'Bar & Grills']",West Hollywood,CA,90069.0,2023-03-10 07:22:43.506106,CLOSED NOW,http://www.lucques.com,Order Online,4.5,15.0,,,
40,Basix Cafe,(323) 848-2460,2.0,30.0,"['Offers outdoor seating', 'Wheelchair accessible', 'Good for groups', 'Has Wifi', 'Serves alcohol']","['Restaurants', 'American Restaurants', 'Pizza']",West Hollywood,CA,90069.0,2023-03-10 07:22:43.552770,CLOSED NOW,http://www.basixcafe.com,Order Online,4.0,30.0,4.0,99.0,
41,Marix Tex Mex Cafe,(323) 656-8800,2.0,38.0,"['Offers outdoor seating', 'Wheelchair accessible', 'Good for groups', 'Serves alcohol', 'Good for families']","['Restaurants', 'Mexican Restaurants', 'Caterers']",West Hollywood,CA,90069.0,2023-03-10 07:22:43.577777,CLOSED NOW,http://www.basixcafe.com,Order Online,3.5,38.0,4.0,87.0,7.53
42,Laurel Hardware,(323) 656-6070,,,['Serves alcohol'],"['Restaurants', 'Barbecue Restaurants', 'Fine Dining Restaurants']",West Hollywood,CA,90046.0,2023-03-10 07:22:43.596923,,https://www.laurelhardware.com/contact,,4.5,,4.5,233.0,9.09
43,Connie and Ted_s,(323) 848-2722,3.0,11.0,"['Offers outdoor seating', 'Wheelchair accessible', 'Serves alcohol', 'Takes reservations']","['Restaurants', 'Seafood Restaurants', 'American Restaurants']",West Hollywood,CA,90046.0,2023-03-10 07:22:43.613619,CLOSED NOW,http://www.connieandteds.com,Order Online,3.5,11.0,4.0,390.0,8.5
44,Burger Lounge,(310) 289-9250,2.0,17.0,"['Offers outdoor seating', 'Wheelchair accessible', 'Has Wifi', 'Serves alcohol']","['Restaurants', 'Hamburgers & Hot Dogs', 'Take Out Restaurants']",West Hollywood,CA,90069.0,2023-03-10 07:22:43.631107,CLOSED NOW,http://www.burgerlounge.com,,4.0,17.0,,,
45,Urth Caffe,(310) 659-0628,2.0,29.0,"['Offers outdoor seating', 'Wheelchair accessible']","['Restaurants', 'Coffee Shops', 'Coffee & Tea']",West Hollywood,CA,90069.0,2023-03-10 07:22:43.648050,OPEN NOW,http://www.urthcaffe.com,Order Online,4.0,29.0,4.5,667.0,9.09
46,Cecconi_s,(310) 432-2000,4.0,14.0,"['Offers outdoor seating', 'Serves alcohol']","['Restaurants', 'Italian Restaurants', 'Associations']",West Hollywood,CA,90069.0,2023-03-10 07:22:43.665317,OPEN NOW,http://www.cecconiswesthollywood.com,Order Online,3.5,14.0,4.0,572.0,8.84
47,Fresh Brothers,(310) 652-5252,3.0,10.0,"['Offers outdoor seating', 'Wheelchair accessible', 'Serves alcohol']","['Restaurants', 'Pizza', 'Take Out Restaurants']",West Hollywood,CA,90069.0,2023-03-10 07:22:43.682783,CLOSED NOW,http://www.freshbrothers.com,Order Online,5.0,10.0,4.0,28.0,7.65
48,Bambou Le Pho,(323) 848-8881,,8.0,"['Offers outdoor seating', 'Wheelchair accessible', 'Serves alcohol', 'Takes reservations']","['Restaurants', 'Vietnamese Restaurants', 'Asian Restaurants']",West Hollywood,CA,90069.0,2023-03-10 07:22:43.701411,CLOSED NOW,https://www.facebook.com/pages/Bambou/175284329276204,,5.0,8.0,4.5,28.0,
49,Lares Restaurant,(310) 829-4559,,,,"['Restaurants', 'Take Out Restaurants', 'Fast Food Restaurants', 'Mexican Restaurants', 'Caterers']",,,,2023-03-10 07:23:04.909571,,,,4.0,,,,
50,Oyabun Seafood,(323) 716-4355,,,,"['Restaurants', 'Seafood Restaurants', 'Sushi Bars', 'Asian Restaurants']",,,,2023-03-10 07:22:43.880163,,,,,,,,
51,Eduardo_s Border Grill,(310) 475-2410,,,,"['Restaurants', 'Mexican Restaurants', 'Caterers', 'Party Favors, Supplies & Services']",,,,2023-03-10 07:23:04.946756,,,,,,,,
52,Taxco Fine Mexican Restaurant,(424) 287-7072,,,,"['Restaurants', 'Mexican Restaurants', 'Take Out Restaurants', 'Food Delivery Service', 'Caterers']",,,,2023-03-10 07:22:43.923234,,,,,,,,
53,Mountain Valley Airport,(661) 822-5267,,,,"['Restaurants', 'Aircraft Flight Training Schools', 'Lodging']",,,,2023-03-10 07:22:43.937517,,,,,,,,
54,Fig & Olive,(310) 360-9100,3.0,,"['Offers outdoor seating', 'Wheelchair accessible', 'Serves alcohol', 'Takes reservations']","['Restaurants', 'Mediterranean Restaurants', 'Spanish Restaurants']",West Hollywood,CA,90069.0,2023-03-10 07:22:43.719572,CLOSED NOW,http://www.figandolive.com,Order Online,5.0,,,,
55,Sushi Park,(310) 652-0523,4.0,17.0,"['Wheelchair accessible', 'Serves alcohol', 'Takes reservations']","['Restaurants', 'Sushi Bars', 'Japanese Restaurants']",West Hollywood,CA,90069.0,2023-03-10 07:22:43.736252,CLOSED NOW,http://www.instagram.com/explore/locations/1608757/sushi-park/?hl=en,,5.0,17.0,5.0,33.0,8.02
56,Ajisai,(310) 652-7014,2.0,12.0,"['Wheelchair accessible', 'Serves alcohol', 'Takes reservations']","['Restaurants', 'Japanese Restaurants', 'Sushi Bars']",West Hollywood,CA,90069.0,2023-03-10 07:22:43.752913,CLOSED NOW,,Order Online,5.0,12.0,4.5,28.0,7.89
57,Boxwood Cafe,(310) 358-7788,,15.0,"['Wheelchair accessible', 'Good for groups', 'Has Wifi', 'Serves alcohol', 'Takes reservations', 'Good for families']","['Restaurants', 'American Restaurants', 'Continental Restaurants']",West Hollywood,CA,90069.0,2023-03-10 07:22:43.769312,CLOSED NOW,http://www.thelondonwesthollywood.com/dining-en.html,,5.0,15.0,,,7.12
58,Kung Pao Bistro,(323) 848-9888,2.0,22.0,"['Offers outdoor seating', 'Wheelchair accessible', 'Good for groups', 'Serves alcohol', 'Takes reservations']","['Restaurants', 'Chinese Restaurants', 'Caterers']",West Hollywood,CA,90046.0,2023-03-10 07:22:43.786195,OPEN NOW,http://kpbistro.com,Order Online,4.0,22.0,4.0,51.0,8.08
59,Formosa Cafe,(323) 850-1014,2.0,,"['Wheelchair accessible', 'Serves alcohol']","['Restaurants', 'Pizza', 'Cocktail Lounges']",West Hollywood,CA,90046.0,2023-03-10 07:22:43.802742,OPEN NOW,http://theformosacafe.com,Order Online,4.0,,4.0,52.0,
60,Absolutely Phobulous,(310) 360-3930,1.0,19.0,"['Offers outdoor seating', 'Wheelchair accessible']","['Restaurants', 'Vietnamese Restaurants', 'Family Style Restaurants']",West Hollywood,CA,90048.0,2023-03-10 07:22:43.819362,,,Order Online,4.0,19.0,4.0,19.0,6.11
61,Yoshi_s Sushi,(323) 848-9105,2.0,19.0,"['Wheelchair accessible', 'Serves alcohol', 'Takes reservations']","['Restaurants', 'Sushi Bars', 'Japanese Restaurants']",West Hollywood,CA,90046.0,2023-03-10 07:22:43.835494,CLOSED NOW,,Order Online,4.0,19.0,,,
62,Twohey_s Restaurant,(626) 284-7387,2.0,33.0,"['Wheelchair accessible', 'Has Wifi', 'Serves alcohol']","['Restaurants', 'Family Style Restaurants', 'Caterers']",Alhambra,CA,91801.0,2023-03-10 07:22:49.539753,CLOSED NOW,http://www.twoheys.com,Order Online,4.5,33.0,,,7.53
63,Alondra Hot Wings,(626) 576-7119,2.0,,"['Wheelchair accessible', 'Serves alcohol']","['Restaurants', 'Chicken Restaurants', 'Barbecue Restaurants']",Alhambra,CA,91801.0,2023-03-10 07:22:49.553753,CLOSED NOW,http://www.alondrawings.com,Order Online,2.5,,,,7.02
64,Aloha Food Factory,(626) 308-0215,1.0,29.0,"['Offers outdoor seating', 'Wheelchair accessible', 'Serves alcohol']","['Restaurants', 'American Restaurants', 'Caterers']",Alhambra,CA,91803.0,2023-03-10 07:22:49.566076,CLOSED NOW,http://www.alohafoodfactory.com,Order Online,4.5,29.0,4.5,11.0,7.74
65,Bun_n Burger,(626) 281-6777,1.0,35.0,['Wheelchair accessible'],"['Restaurants', 'Hamburgers & Hot Dogs', 'American Restaurants']",Alhambra,CA,91801.0,2023-03-10 07:22:49.577850,CLOSED NOW,https://www.originalbunnburger.com,Order Online,4.5,35.0,4.5,11.0,6.72
66,Banh Mi My Tho,(626) 289-4160,1.0,28.0,['Wheelchair accessible'],"['Restaurants', 'Vietnamese Restaurants', 'Asian Restaurants']",Alhambra,CA,91803.0,2023-03-10 07:22:49.590205,CLOSED NOW,http://www.banhmimytho.com,,5.0,28.0,4.5,12.0,8.09
67,Mahan Indian Restaurant,(626) 458-6299,2.0,22.0,"['Wheelchair accessible', 'Serves alcohol', 'Takes reservations']","['Restaurants', 'Indian Restaurants', 'Asian Restaurants']",Alhambra,CA,91801.0,2023-03-10 07:22:49.602469,CLOSED NOW,http://mahanrestaurant.com,Order Online,5.0,22.0,4.0,24.0,7.53
68,Quickly,(626) 576-1898,1.0,20.0,"['Wheelchair accessible', 'Has Wifi']","['Restaurants', 'Take Out Restaurants', 'American Restaurants']",Alhambra,CA,91801.0,2023-03-10 07:22:49.615250,CLOSED NOW,http://www.quicklyusa.com,Order Online,,20.0,,,
69,Genovese_s Pizza,(626) 289-5667,2.0,43.0,"['Offers outdoor seating', 'Wheelchair accessible', 'Serves alcohol']","['Restaurants', 'Pizza', 'Italian Restaurants']",Alhambra,CA,91801.0,2023-03-10 07:22:49.627627,CLOSED NOW,http://www.facebook.com/pages/Genoveses-Pizza/102222626488119,Order Online,,43.0,4.0,15.0,
70,Grill_em All,(626) 284-2874,2.0,11.0,"['Offers outdoor seating', 'Wheelchair accessible', 'Serves alcohol']","['Restaurants', 'American Restaurants', 'Bars']",Alhambra,CA,91801.0,2023-03-10 07:22:49.639747,CLOSED NOW,http://www.grillemallburgs.com,Order Online,5.0,11.0,4.5,60.0,8.38
71,Shakas,(626) 293-5520,,18.0,['Wheelchair accessible'],"['Restaurants', 'Hawaiian Restaurants', 'Japanese Restaurants']",Alhambra,CA,91801.0,2023-03-10 07:22:49.653496,CLOSED NOW,,,5.0,18.0,,,
72,Gold Hibachi,(626) 576-7688,,8.0,,"['Restaurants', 'Sushi Bars', 'Japanese Restaurants']",Alhambra,CA,91803.0,2023-03-10 07:22:49.666261,CLOSED NOW,http://www.goldhibachibuffet.com,,1.0,8.0,4.0,38.0,6.66
73,Just Grillin,(626) 576-1111,1.0,12.0,"['Offers outdoor seating', 'Wheelchair accessible']","['Restaurants', 'American Restaurants', 'Hamburgers & Hot Dogs']",Alhambra,CA,91803.0,2023-03-10 07:22:49.678745,CLOSED NOW,http://just-grillin.com/location.htm,Order Online,,12.0,3.5,5.0,8.09
74,Denny_s,(626) 281-6701,1.0,70.0,"['Wheelchair accessible', 'Good for groups', 'Has Wifi', 'Good for families']","['Restaurants', 'Breakfast, Brunch & Lunch Restaurants', 'American Restaurants']",Alhambra,CA,91801.0,2023-03-10 07:22:49.691214,,https://locations.dennys.com/CA/ALHAMBRA/247253?utm_source=yext&utm_medium=local-listing&utm_campaign=yext-listing&y_source=1_MjIyODYyNy01NTMtbG9jYXRpb24ud2Vic2l0ZQ%3D%3D,Order Online,,70.0,3.0,14.0,5.54
75,Old Country Buffet,(626) 284-4610,1.0,34.0,,"['Restaurants', 'Buffet Restaurants', 'Family Style Restaurants']",Alhambra,CA,91801.0,2023-03-10 07:22:49.704476,OPEN NOW,https://www.facebook.com/pages/Old-Country-Cafe/117496144943543,,,34.0,4.5,3.0,
76,Szechuan Impression,(626) 283-4622,2.0,,"['Wheelchair accessible', 'Has Wifi']","['Restaurants', 'Chinese Restaurants']",Alhambra,CA,91803.0,2023-03-10 07:22:49.745185,CLOSED NOW,https://www.sichuanimpressions.com/specialty,Order Online,5.0,,4.5,22.0,7.35
77,Gen Korean BBQ,(626) 407-2858,2.0,11.0,"['Wheelchair accessible', 'Serves alcohol', 'Takes reservations']","['Restaurants', 'Korean Restaurants', 'Asian Restaurants']",Alhambra,CA,91801.0,2023-03-10 07:22:49.762033,CLOSED NOW,http://www.genkoreanbbq.com,Order Online,5.0,11.0,4.0,57.0,6.91
78,Wahib_s Middle East Restaurant,(626) 281-1006,2.0,39.0,"['Offers outdoor seating', 'Wheelchair accessible', 'Serves alcohol', 'Takes reservations']","['Restaurants', 'Middle Eastern Restaurants', 'Banquet Halls & Reception Facilities']",Alhambra,CA,91801.0,2023-03-10 07:22:49.782546,CLOSED NOW,http://www.wahibmiddleeast.com,,3.5,39.0,,,
79,Chengdu Taste,(626) 588-2284,2.0,,"['Wheelchair accessible', 'Has Wifi']","['Restaurants', 'Chinese Restaurants', 'Asian Restaurants']",Alhambra,CA,91803.0,2023-03-10 07:22:49.801372,CLOSED NOW,http://www.facebook.com/pages/Chengdu%20Taste/145064369027117,Order Online,4.5,,3.5,43.0,7.87
80,Thai Purple,(626) 300-9083,1.0,24.0,"['Wheelchair accessible', 'Has Wifi', 'Serves alcohol', 'Takes reservations', 'Good for families']","['Restaurants', 'Thai Restaurants', 'Take Out Restaurants']",Alhambra,CA,91801.0,2023-03-10 07:22:49.820286,CLOSED NOW,https://www.cityofalhambra.org,,4.0,24.0,4.0,29.0,7.75
81,Kathleen_s Restaurant,(626) 578-0722,,,,"['Restaurants', 'Take Out Restaurants', 'American Restaurants']",,,,2023-03-10 07:23:01.787622,,,,3.0,,,,
82,Di Pilla_s Italian Restaurant,(626) 286-0275,,,,"['Restaurants', 'Italian Restaurants', 'Pizza']",,,,2023-03-10 07:22:57.136661,,,,,,,,
83,Z Sushi,(626) 282-5636,2.0,40.0,"['Wheelchair accessible', 'Serves alcohol', 'Takes reservations']","['Restaurants', 'Sushi Bars', 'Japanese Restaurants']",Alhambra,CA,91801.0,2023-03-10 07:22:49.838389,CLOSED NOW,http://www.zsushi.com,Order Online,4.0,40.0,4.0,23.0,7.85
84,Tastea,(626) 289-8886,,,,"['Restaurants', 'American Restaurants', 'Coffee & Tea']",Alhambra,CA,91801.0,2023-03-10 07:22:49.853643,CLOSED NOW,http://www.gotastea.com,Order Online,5.0,,5.0,1.0,
85,Charlie_s Trio Cafe,(626) 284-4943,2.0,52.0,"['Offers outdoor seating', 'Wheelchair accessible', 'Has Wifi', 'Serves alcohol', 'Takes reservations']","['Restaurants', 'Coffee Shops', 'Italian Restaurants']",Alhambra,CA,91801.0,2023-03-10 07:22:49.868472,CLOSED NOW,http://charliestriocafe.com,Order Online,4.5,52.0,4.0,56.0,7.74
86,Shi Hai,(626) 282-3888,,,,"['Restaurants', 'Asian Restaurants', 'Chinese Restaurants']",Alhambra,CA,91801.0,2023-03-10 07:22:49.882452,CLOSED NOW,,Order Online,4.5,,4.0,4.0,
87,Green Papaya Thai Restaurant,(626) 282-1291,1.0,,"['Wheelchair accessible', 'Serves alcohol']","['Restaurants', 'Thai Restaurants', 'Caterers']",Alhambra,CA,91803.0,2023-03-10 07:22:49.897346,CLOSED NOW,,Order Online,2.5,,,,
88,Noodle World,(626) 293-8800,1.0,31.0,"['Wheelchair accessible', 'Good for groups', 'Serves alcohol', 'Good for families']","['Restaurants', 'Thai Restaurants', 'Family Style Restaurants']",Alhambra,CA,91803.0,2023-03-10 07:22:49.912335,CLOSED NOW,http://www.noodleworld.com,Order Online,3.5,31.0,4.0,52.0,6.91
89,Pho 79 Restaurant,(626) 289-0239,1.0,44.0,,"['Restaurants', 'Family Style Restaurants']",Alhambra,CA,91801.0,2023-03-10 07:22:49.927862,CLOSED NOW,http://www.pho79.com,Order Online,2.5,44.0,,,
90,Vino at Trios,(626) 284-4674,2.0,10.0,"['Offers outdoor seating', 'Wheelchair accessible', 'Serves alcohol', 'Takes reservations']","['Restaurants', 'Italian Restaurants', 'Wine']",Alhambra,CA,91801.0,2023-03-10 07:22:49.942779,CLOSED NOW,http://www.vinotrios.com,Order Online,5.0,10.0,4.0,8.0,7.99
91,Xiao Nan Gou Restaurant,(626) 289-6578,,24.0,,"['Restaurants', 'Family Style Restaurants']",San Gabriel,CA,91776.0,2023-03-10 07:22:53.066303,CLOSED NOW,,,,24.0,,,
92,Stuffed Sandwich,(626) 285-9161,2.0,46.0,"['Offers outdoor seating', 'Wheelchair accessible', 'Good for groups', 'Serves alcohol']","['Restaurants', 'Sandwich Shops', 'Brew Pubs']",San Gabriel,CA,91776.0,2023-03-10 07:22:53.078076,CLOSED NOW,http://www.stuffedsandwich.com,Order Online,5.0,46.0,4.0,21.0,8.04
93,J G Restaurant,(626) 288-6182,,,,"['Restaurants', 'Family Style Restaurants']",San Gabriel,CA,91776.0,2023-03-10 07:22:53.089838,,,,,,,,
94,Petrillo_s Pizza,(626) 280-7332,2.0,68.0,"['Wheelchair accessible', 'Serves alcohol', 'Takes reservations']","['Restaurants', 'Pizza', 'Italian Restaurants']",San Gabriel,CA,91776.0,2023-03-10 07:22:53.104092,CLOSED NOW,,,5.0,68.0,4.0,78.0,8.13
95,Golden Deli Vietnamese Restaurant,(626) 308-0803,1.0,39.0,"['Wheelchair accessible', 'Good for groups']","['Restaurants', 'Vietnamese Restaurants', 'Family Style Restaurants']",San Gabriel,CA,91776.0,2023-03-10 07:22:53.141248,CLOSED NOW,http://www.goldendelirestaurant.com,,3.5,39.0,4.5,105.0,8.92
96,Clearman_s North Woods Inn - San Gabriel,(626) 286-3579,4.0,39.0,"['Wheelchair accessible', 'Has Wifi', 'Serves alcohol', 'Takes reservations']","['Restaurants', 'American Restaurants', 'Steak Houses']",San Gabriel,CA,91775.0,2023-03-10 07:22:53.155237,CLOSED NOW,,Order Online,4.5,39.0,4.0,126.0,7.88
97,Hunan Chilliking,(626) 288-7993,2.0,16.0,"['Offers outdoor seating', 'Wheelchair accessible', 'Serves alcohol', 'Takes reservations']","['Restaurants', 'Chinese Restaurants', 'Asian Restaurants']",San Gabriel,CA,91776.0,2023-03-10 07:22:53.169190,OPEN NOW,,Order Online,4.5,16.0,4.0,3.0,5.95
98,Spicy City,(626) 280-7099,2.0,10.0,,"['Restaurants', 'Asian Restaurants']",San Gabriel,CA,91776.0,2023-03-10 07:22:53.182814,CLOSED NOW,https://www.facebook.com/SpicyCityRestaurant,Order Online,4.0,10.0,4.5,9.0,5.92
99,Saigon Flavor,(626) 572-6036,1.0,25.0,['Wheelchair accessible'],"['Restaurants', 'Vietnamese Restaurants', 'Asian Restaurants']",San Gabriel,CA,91776.0,2023-03-10 07:22:53.197085,CLOSED NOW,,Order Online,5.0,25.0,4.5,4.0,7.34
100,Little Sheep Mongolian Hot Pot San Gabriel,(626) 307-1901,2.0,,"['Wheelchair accessible', 'Has Wifi', 'Serves alcohol', 'Takes reservations']","['Restaurants', 'Mongolian Restaurants', 'Chinese Restaurants']",San Gabriel,CA,91776.0,2023-03-10 07:22:53.210698,CLOSED NOW,http://www.littlesheephotpot.com,,4.5,,4.0,14.0,
101,Sun Nong Dan,(626) 286-1234,,,,"['Restaurants', 'Korean Restaurants']",San Gabriel,CA,91776.0,2023-03-10 07:22:53.224122,CLOSED NOW,http://www.sunnongdan.com,Order Online,4.5,,4.0,8.0,8.47
102,Thai Paradise,(626) 570-8887,2.0,12.0,"['Wheelchair accessible', 'Serves alcohol', 'Takes reservations']","['Restaurants', 'Thai Restaurants', 'Chinese Restaurants']",San Gabriel,CA,91776.0,2023-03-10 07:22:53.239208,CLOSED NOW,http://thethaiparadise.com,Order Online,3.5,12.0,2.5,6.0,7.47
103,Yama Seafood Sushi Take Out,(626) 281-8045,2.0,39.0,['Wheelchair accessible'],"['Restaurants', 'Seafood Restaurants', 'Fish & Seafood Markets']",San Gabriel,CA,91776.0,2023-03-10 07:22:53.253013,CLOSED NOW,,,4.0,39.0,,,8.7
104,A Ri Rang Tofu House,(626) 288-6069,2.0,12.0,"['Wheelchair accessible', 'Has Wifi', 'Serves alcohol', 'Takes reservations']","['Restaurants', 'Korean Restaurants', 'Asian Restaurants']",San Gabriel,CA,91776.0,2023-03-10 07:22:53.267089,CLOSED NOW,,,3.5,12.0,4.0,9.0,8.73
105,Bonchon San Gabriel,(626) 545-2380,,,,"['Restaurants', 'Korean Restaurants', 'Asian Restaurants']",San Gabriel,CA,91776.0,2023-03-10 07:22:53.306634,CLOSED NOW,https://locations.bonchon.com/ll/US/CA/San-Gabriel/710-W_-Las-Tunas-Dr,Order Online,5.0,,,,7.96
106,Lunas Mexican Restaurant,(626) 576-7653,2.0,12.0,"['Wheelchair accessible', 'Serves alcohol']","['Restaurants', 'Mexican Restaurants', 'Family Style Restaurants']",San Gabriel,CA,91776.0,2023-03-10 07:22:53.327557,CLOSED NOW,http://www.lunassangabriel.com,Order Online,5.0,12.0,4.5,66.0,5.48
107,New Port Seafood,(626) 289-5998,2.0,27.0,"['Wheelchair accessible', 'Serves alcohol']","['Restaurants', 'Seafood Restaurants', 'Caterers']",San Gabriel,CA,91776.0,2023-03-10 07:22:53.342885,CLOSED NOW,http://www.newportseafood.com,Order Online,5.0,27.0,4.5,169.0,8.43
108,Chengdu Lao Zao Hotpot,(626) 293-7099,3.0,,"['Has Wifi', 'Serves alcohol', 'Takes reservations']","['Restaurants', 'Chinese Restaurants', 'Caterers']",San Gabriel,CA,91776.0,2023-03-10 07:22:53.356420,OPEN NOW,,,5.0,,,,7.05
109,Man Chan Cuisine,(626) 282-5953,1.0,,,"['Restaurants', 'Chinese Restaurants']",San Gabriel,CA,91776.0,2023-03-10 07:22:53.370859,OPEN NOW,,Order Online,5.0,,,,
110,Boiling Point,(626) 300-9800,2.0,19.0,['Wheelchair accessible'],"['Restaurants', 'Chinese Restaurants', 'Asian Restaurants']",San Gabriel,CA,91776.0,2023-03-10 07:22:53.386120,CLOSED NOW,http://www.bpgroupusa.com/home.php,Order Online,5.0,19.0,3.5,12.0,7.36
111,Young Dong Tofu,(626) 286-6031,2.0,12.0,"['Wheelchair accessible', 'Serves alcohol']","['Restaurants', 'Korean Restaurants', 'Asian Restaurants']",San Gabriel,CA,91776.0,2023-03-10 07:22:53.401605,CLOSED NOW,,Order Online,5.0,12.0,4.0,9.0,7.92
112,Saigon Eden Vietnamese Restaurant,(626) 287-3158,,16.0,['Wheelchair accessible'],"['Restaurants', 'Vietnamese Restaurants', 'Family Style Restaurants']",San Gabriel,CA,91776.0,2023-03-10 07:22:53.417194,CLOSED NOW,http://www.saigoneden.com/location.htm,Order Online,5.0,16.0,4.0,2.0,7.99
113,Claro_s Italian Market,(626) 288-2026,4.0,75.0,"['Offers outdoor seating', 'Wheelchair accessible', 'Serves alcohol']","['Restaurants', 'Italian Restaurants', 'Caterers']",San Gabriel,CA,91776.0,2023-03-10 07:22:53.431521,CLOSED NOW,http://www.claros.com,Order Online,5.0,75.0,4.5,11.0,8.35
114,OO-KOOK Korean BBQ,(626) 286-8837,2.0,,"['Wheelchair accessible', 'Serves alcohol', 'Takes reservations']","['Restaurants', 'Korean Restaurants', 'Asian Restaurants']",San Gabriel,CA,91776.0,2023-03-10 07:22:53.444682,OPEN NOW,,,5.0,,4.5,43.0,7.55
115,Salathai Thai Cuisine,(626) 287-5850,1.0,28.0,"['Wheelchair accessible', 'Good for groups']","['Restaurants', 'Thai Restaurants', 'Vegetarian Restaurants']",San Gabriel,CA,91775.0,2023-03-10 07:22:53.458522,CLOSED NOW,http://www.salathaithaicuisine.com,Order Online,5.0,28.0,4.5,6.0,
116,Vietnam Restaurant,(626) 281-5577,,,['Wheelchair accessible'],"['Restaurants', 'Vietnamese Restaurants', 'Take Out Restaurants']",San Gabriel,CA,91776.0,2023-03-10 07:22:53.473044,CLOSED NOW,http://www.facebook.com/pages/Vietnam-Restaurant/108081675900471?ref=br_rs,Order Online,4.0,,4.5,8.0,8.02
117,Mian,(626) 693-6888,1.0,,,"['Restaurants', 'Chinese Restaurants']",San Gabriel,CA,91776.0,2023-03-10 07:22:53.487344,CLOSED NOW,http://mian.us,,4.0,,4.0,10.0,
118,Kohyang Tofu,(626) 288-9955,2.0,,"['Wheelchair accessible', 'Serves alcohol']","['Restaurants', 'Family Style Restaurants']",San Gabriel,CA,91776.0,2023-03-10 07:22:53.501832,CLOSED NOW,,Order Online,4.0,,,,5.17
119,Stevens Steak & Seafood House,(323) 406-1440,2.0,19.0,"['Offers outdoor seating', 'Wheelchair accessible', 'Good for groups', 'Has Wifi', 'Serves alcohol', 'Takes reservations', 'Good for families']","['Restaurants', 'Caterers', 'Steak Houses']",Commerce,CA,90040.0,2023-03-10 07:22:56.673820,CLOSED NOW,http://www.stevenssteakhouse.com,Order Online,5.0,19.0,4.0,102.0,7.27
120,BJ_s Restaurants,(323) 201-5290,1.0,45.0,"['Wheelchair accessible', 'Has Wifi', 'Serves alcohol', 'Takes reservations']","['Restaurants', 'American Restaurants', 'Brew Pubs']",Montebello,CA,90640.0,2023-03-10 07:22:56.685227,OPEN NOW,http://www.bjsrestaurants.com/locations/ca/montebello,,4.0,45.0,4.0,51.0,
121,Tony_s Italiano Deli,(323) 721-0637,1.0,54.0,"['Wheelchair accessible', 'Has Wifi', 'Serves alcohol']","['Restaurants', 'Delicatessens', 'Pizza']",Montebello,CA,90640.0,2023-03-10 07:22:56.696882,CLOSED NOW,https://tonysitalianodeli.com/?y_source=1_MjU0NDA2NDktNTUzLWxvY2F0aW9uLndlYnNpdGU%3D,Order Online,,54.0,5.0,2.0,6.55
122,Salvatore Italian Restaurant,(323) 727-2804,2.0,49.0,"['Wheelchair accessible', 'Serves alcohol', 'Takes reservations']","['Restaurants', 'Italian Restaurants', 'Caterers']",Montebello,CA,90640.0,2023-03-10 07:22:56.708624,CLOSED NOW,http://www.salvatoreitalian.com,Order Online,,49.0,4.5,45.0,7.96
123,La Costa Restaurant,(323) 728-7492,2.0,39.0,"['Wheelchair accessible', 'Serves alcohol', 'Takes reservations']","['Restaurants', 'Latin American Restaurants', 'Caterers']",Montebello,CA,90640.0,2023-03-10 07:22:56.720899,OPEN NOW,http://www.lacostarestaurant.com,,4.5,39.0,,,7.58
124,Crabby_s Seafood & More,(323) 888-8652,2.0,13.0,"['Wheelchair accessible', 'Serves alcohol', 'Takes reservations']","['Restaurants', 'Seafood Restaurants', 'Take Out Restaurants']",Montebello,CA,90640.0,2023-03-10 07:22:56.733286,CLOSED NOW,,,5.0,13.0,4.5,6.0,7.29
125,Marie Callender_s,(323) 722-7437,,75.0,['Serves alcohol'],"['Restaurants', 'American Restaurants', 'Family Style Restaurants']",Montebello,CA,90640.0,2023-03-10 07:22:56.745982,CLOSED NOW,http://www.mariecallenders.com,,5.0,75.0,,,
126,Applebee_s,(323) 278-0250,2.0,43.0,"['Offers outdoor seating', 'Wheelchair accessible', 'Has Wifi', 'Serves alcohol']","['Restaurants', 'American Restaurants', 'Bar & Grills']",Montebello,CA,90640.0,2023-03-10 07:22:56.759984,OPEN NOW,http://www.applebees.com,Order Online,2.5,43.0,4.0,25.0,7.98
127,Frumento Italian Market,(323) 721-2071,2.0,39.0,['Serves alcohol'],"['Restaurants', 'Italian Restaurants', 'Pizza']",Montebello,CA,90640.0,2023-03-10 07:22:56.773636,CLOSED NOW,http://www.frumentosdeli.com,,,39.0,4.5,16.0,8.28
128,Chinese Garden,(323) 722-6484,2.0,61.0,"['Wheelchair accessible', 'Has Wifi']","['Restaurants', 'Chinese Restaurants', 'Asian Restaurants']",Montebello,CA,90640.0,2023-03-10 07:22:56.787799,CLOSED NOW,http://www.chinesegardenmontebello.com,Order Online,4.0,61.0,4.0,6.0,7.15
129,Canton City Restaurant,(323) 724-0714,2.0,56.0,['Wheelchair accessible'],"['Restaurants', 'Asian Restaurants', 'Chinese Restaurants']",Montebello,CA,90640.0,2023-03-10 07:22:56.802470,CLOSED NOW,http://www.cantoncityrestaurant.com,Order Online,5.0,56.0,4.5,10.0,8.09
130,Sakura Sushi & Roll,(323) 725-3920,2.0,12.0,"['Serves alcohol', 'Takes reservations']","['Restaurants', 'Sushi Bars', 'Japanese Restaurants']",Montebello,CA,90640.0,2023-03-10 07:22:56.816756,CLOSED NOW,https://www.facebook.com/SakuraSushiandroll,Order Online,3.5,12.0,3.5,7.0,7.68
131,ITech Pizza,(323) 838-9888,1.0,8.0,"['Wheelchair accessible', 'Has Wifi', 'Takes reservations']","['Restaurants', 'Pizza', 'Pasta']",Montebello,CA,90640.0,2023-03-10 07:22:56.830159,CLOSED NOW,,,5.0,8.0,,,
132,Little Mexico Restaurant,(323) 721-7310,2.0,18.0,['Serves alcohol'],"['Restaurants', 'Mexican Restaurants', 'Caterers']",Montebello,CA,90640.0,2023-03-10 07:22:56.843927,CLOSED NOW,http://www.thelittlemexico.com,Order Online,5.0,18.0,,,7.16
133,Yoshinoya,(323) 726-6250,,,['Wheelchair accessible'],"['Restaurants', 'Japanese Restaurants']",Montebello,CA,90640.0,2023-03-10 07:22:56.857394,OPEN NOW,http://www.yoshinoyaamerica.com,Order Online,2.0,,3.0,2.0,
134,Sizzler,(213) 385-4747,2.0,12.0,"['Wheelchair accessible', 'Serves alcohol']","['Restaurants', 'Steak Houses', 'Family Style Restaurants']",Montebello,CA,90640.0,2023-03-10 07:22:56.871947,CLOSED NOW,,,,12.0,3.5,9.0,6.49
135,El Toluco,(323) 728-2645,2.0,10.0,['Has Wifi'],"['Restaurants', 'Mexican Restaurants', 'Seafood Restaurants']",Montebello,CA,90640.0,2023-03-10 07:22:56.886173,CLOSED NOW,https://www.tolucosrestaurant.com,,,10.0,,,
136,Chago Ahogadas,(323) 888-0685,,,"['Offers outdoor seating', 'Wheelchair accessible', 'Has Wifi', 'Serves alcohol']","['Restaurants', 'Mexican Restaurants', 'Caterers']",Montebello,CA,90640.0,2023-03-10 07:22:56.899773,CLOSED NOW,http://www.chagoahogadas.com,Order Online,,,3.5,3.0,7.0
137,Montebello Pho & Sandwich,(323) 728-2902,,,['Offers outdoor seating'],"['Restaurants', 'Vietnamese Restaurants', 'Delicatessens']",Montebello,CA,90640.0,2023-03-10 07:22:56.913025,CLOSED NOW,http://www.montebellopho.com,Order Online,,,4.5,3.0,
138,WaBa Grill,(323) 722-2004,,19.0,['Wheelchair accessible'],"['Restaurants', 'Asian Restaurants', 'Japanese Restaurants']",Montebello,CA,90640.0,2023-03-10 07:22:56.927425,CLOSED NOW,http://www.wabagrill.com,Order Online,,19.0,,,
139,Mr M_s Hot Wings & Things,(323) 477-1345,,,,"['Restaurants', 'American Restaurants', 'Chicken Restaurants']",Montebello,CA,90640.0,2023-03-10 07:22:56.941107,CLOSED NOW,http://www.mrmshotwingsandthings.com,,,,4.5,4.0,5.99
140,Charleys Philly Steaks,(323) 728-3800,,,,"['Restaurants', 'Sandwich Shops', 'Take Out Restaurants']",Montebello,CA,90640.0,2023-03-10 07:22:56.954817,CLOSED NOW,http://charleys.com,,,,,,
141,Alondra_s,(323) 722-2731,,,,"['Restaurants', 'American Restaurants', 'Pizza']",Montebello,CA,90640.0,2023-03-10 07:22:56.969166,CLOSED NOW,https://lovealondras.com,,,,,,
142,Aryso Grill,(323) 725-9050,2.0,43.0,['Serves alcohol'],"['Restaurants', 'Mexican Restaurants', 'Caterers']",Montebello,CA,90640.0,2023-03-10 07:22:56.983827,CLOSED NOW,http://arysogrill.blogspot.com,,,43.0,,,
143,Samurai Sushi & Teriyaki,(323) 725-3770,2.0,11.0,"['Offers outdoor seating', 'Wheelchair accessible', 'Serves alcohol']","['Restaurants', 'Japanese Restaurants', 'Sushi Bars']",Montebello,CA,90640.0,2023-03-10 07:22:56.999971,CLOSED NOW,http://www.lakemarysushi.com,,,11.0,2.0,1.0,5.4
144,Chef Chen,(323) 837-0786,1.0,8.0,,"['Restaurants', 'Chinese Restaurants', 'Caterers']",Montebello,CA,90640.0,2023-03-10 07:22:57.014672,CLOSED NOW,,Order Online,,8.0,,,
145,Zankou Chicken,(323) 722-7200,2.0,15.0,"['Offers outdoor seating', 'Wheelchair accessible']","['Restaurants', 'Mediterranean Restaurants', 'Chicken Restaurants']",Montebello,CA,90640.0,2023-03-10 07:22:57.028032,CLOSED NOW,http://www.zankou.co,,,15.0,4.0,7.0,8.23
146,Golden Wok,(323) 888-0998,1.0,43.0,"['Wheelchair accessible', 'Serves alcohol']","['Restaurants', 'Chinese Restaurants', 'Take Out Restaurants']",Montebello,CA,90640.0,2023-03-10 07:22:57.041777,CLOSED NOW,http://www.goldenwok.us,Order Online,,43.0,,,
147,Juan Great Fiesta,(323) 722-9535,1.0,37.0,"['Wheelchair accessible', 'Serves alcohol']","['Restaurants', 'Mexican Restaurants', 'Mediterranean Restaurants']",Montebello,CA,90640.0,2023-03-10 07:22:57.056151,CLOSED NOW,http://www.juangreatfiesta.com,Order Online,,37.0,5.0,1.0,7.72
148,El Patio,(323) 721-6114,1.0,16.0,['Wheelchair accessible'],"['Restaurants', 'Mexican Restaurants', 'Family Style Restaurants']",Montebello,CA,90640.0,2023-03-10 07:22:57.075456,CLOSED NOW,https://www.elpatiomontebello.com,Order Online,,16.0,,,
149,Parkway Grill,(626) 795-1001,3.0,36.0,"['Wheelchair accessible', 'Good for groups', 'Has Wifi', 'Serves alcohol', 'Takes reservations']","['Restaurants', 'Fine Dining Restaurants', 'American Restaurants']",Pasadena,CA,91105.0,2023-03-10 07:23:01.340607,CLOSED NOW,http://www.theparkwaygrill.com,Order Online,4.5,36.0,4.5,344.0,7.49
150,Mi Piace,(626) 795-3131,,,"['Offers outdoor seating', 'Wheelchair accessible', 'Has Wifi', 'Serves alcohol', 'Takes reservations']","['Restaurants', 'Italian Restaurants', 'Caterers']",Pasadena,CA,91105.0,2023-03-10 07:23:01.354209,OPEN NOW,,Order Online,3.5,,4.0,566.0,7.67
151,Roy_s,(626) 356-4066,3.0,35.0,"['Offers outdoor seating', 'Wheelchair accessible', 'Serves alcohol', 'Takes reservations']","['Restaurants', 'Hawaiian Restaurants', 'American Restaurants']",Pasadena,CA,91101.0,2023-03-10 07:23:01.367766,,http://www.roysrestaurant.com,Order Online,4.5,35.0,,,
152,Cafe 140 South,(626) 449-9900,,14.0,['Serves alcohol'],"['Restaurants', 'American Restaurants', 'Hamburgers & Hot Dogs']",Pasadena,CA,91101.0,2023-03-10 07:23:01.380803,CLOSED NOW,,,4.5,14.0,,,
153,La Grande Orange Cafe,(626) 356-4444,2.0,15.0,"['Offers outdoor seating', 'Wheelchair accessible', 'Good for groups', 'Serves alcohol', 'Good for families']","['Restaurants', 'Coffee Shops', 'American Restaurants']",Pasadena,CA,91105.0,2023-03-10 07:23:01.393657,CLOSED NOW,https://lgostationcafe.com,Order Online,4.5,15.0,,,7.96
154,Big Mama_s Rib Shack,(626) 797-1792,2.0,21.0,"['Wheelchair accessible', 'Has Wifi', 'Serves alcohol', 'Takes reservations', 'Good for families']","['Restaurants', 'American Restaurants', 'Delicatessens']",Pasadena,CA,91104.0,2023-03-10 07:23:01.407313,CLOSED NOW,http://www.bigmamaspasadena.com/index.html,Order Online,5.0,21.0,,,
155,IHOP,(626) 449-5226,2.0,65.0,['Wheelchair accessible'],"['Restaurants', 'Take Out Restaurants', 'American Restaurants']",Pasadena,CA,91105.0,2023-03-10 07:23:01.421288,OPEN NOW,http://www.ihop.com,,3.0,65.0,4.0,26.0,6.44
156,El Portal Restaurant,(626) 795-8553,2.0,31.0,"['Offers outdoor seating', 'Wheelchair accessible', 'Good for groups', 'Serves alcohol', 'Takes reservations', 'Good for families']","['Restaurants', 'Latin American Restaurants', 'Mexican Restaurants']",Pasadena,CA,91101.0,2023-03-10 07:23:01.435542,CLOSED NOW,http://www.elportalrestaurant.com,Order Online,4.0,31.0,4.0,178.0,7.72
157,Maria_s Italian Kitchen,(626) 351-2080,2.0,8.0,"['Offers outdoor seating', 'Wheelchair accessible', 'Has Wifi', 'Serves alcohol', 'Takes reservations', 'Good for families']","['Restaurants', 'Italian Restaurants']",Pasadena,CA,91107.0,2023-03-10 07:23:01.449509,CLOSED NOW,http://www.mariasitaliankitchen.com,Order Online,4.0,8.0,4.0,77.0,7.31
158,Russell_s,(626) 578-1404,2.0,24.0,"['Wheelchair accessible', 'Serves alcohol']","['Restaurants', 'American Restaurants', 'Italian Restaurants']",Pasadena,CA,91103.0,2023-03-10 07:23:01.462789,CLOSED NOW,http://www.rdlcatering.com/index.php?option=com_content&view=frontpage&Itemid=54,Order Online,3.5,24.0,4.5,425.0,8.4
159,Nikki C_s,(626) 792-7437,2.0,19.0,"['Offers outdoor seating', 'Wheelchair accessible', 'Has Wifi', 'Serves alcohol', 'Takes reservations']","['Restaurants', 'Mediterranean Restaurants', 'American Restaurants']",Pasadena,CA,91107.0,2023-03-10 07:23:01.476254,CLOSED NOW,http://www.nikkicspasadena.com,,,19.0,4.0,52.0,7.79
160,Roscoe_s House Of Chicken & Waffles,(626) 791-4890,2.0,,"['Wheelchair accessible', 'Serves alcohol']","['Restaurants', 'Chicken Restaurants', 'Soul Food Restaurants']",Pasadena,CA,91104.0,2023-03-10 07:23:01.490537,CLOSED NOW,http://www.roscoeschickenandwaffles.com,Order Online,4.0,,4.0,183.0,7.95
161,Houston_s,(626) 577-6001,3.0,25.0,"['Good for groups', 'Serves alcohol']","['Restaurants', 'Pizza', 'Family Style Restaurants']",Pasadena,CA,91105.0,2023-03-10 07:23:01.504212,CLOSED NOW,http://www.hillstone.com,Order Online,4.5,25.0,4.5,663.0,9.13
162,My Vegan Restaurant,(626) 578-9017,2.0,14.0,"['Offers outdoor seating', 'Wheelchair accessible']","['Restaurants', 'Thai Restaurants', 'Family Style Restaurants']",Pasadena,CA,91105.0,2023-03-10 07:23:01.518283,CLOSED NOW,,Order Online,4.5,14.0,4.5,28.0,8.53
163,Vince_s Deli,(626) 792-7149,1.0,17.0,"['Offers outdoor seating', 'Wheelchair accessible']","['Restaurants', 'American Restaurants', 'Sandwich Shops']",Pasadena,CA,91105.0,2023-03-10 07:23:01.531747,CLOSED NOW,https://www.facebook.com/Vinces-Deli-116380481719736,Order Online,3.0,17.0,4.0,5.0,6.63
164,Marston_s Restaurant,(626) 796-2459,2.0,35.0,"['Offers outdoor seating', 'Serves alcohol', 'Good for families']","['Restaurants', 'Family Style Restaurants', 'Caterers']",Pasadena,CA,91103.0,2023-03-10 07:23:01.545546,CLOSED NOW,http://www.marstonsrestaurant.com,Order Online,5.0,35.0,4.0,272.0,8.14
165,Corner Bakery Cafe,(626) 351-0464,1.0,32.0,"['Offers outdoor seating', 'Wheelchair accessible', 'Has Wifi']","['Restaurants', 'Sandwich Shops', 'Coffee Shops']",Pasadena,CA,91107.0,2023-03-10 07:23:01.559136,CLOSED NOW,http://www.cornerbakerycafe.com,Order Online,5.0,32.0,4.0,39.0,7.38
166,The Royce Wood-Fired Steakhouse,(626) 585-6410,4.0,13.0,"['Wheelchair accessible', 'Has Wifi', 'Serves alcohol', 'Takes reservations']","['Restaurants', 'Steak Houses', 'American Restaurants']",Pasadena,CA,91106.0,2023-03-10 07:23:01.572922,CLOSED NOW,http://roycela.com?y_source=1_mtq3mje3mtutntuzlwxvy2f0aw9ulndlynnpdgu%3d,,,13.0,,,
167,Green Street Restaurant,(626) 577-7170,2.0,45.0,"['Offers outdoor seating', 'Wheelchair accessible', 'Serves alcohol', 'Takes reservations']","['Restaurants', 'Breakfast, Brunch & Lunch Restaurants', 'Family Style Restaurants']",Pasadena,CA,91101.0,2023-03-10 07:23:01.586817,CLOSED NOW,http://www.greenstreetrestaurant.com,Order Online,3.5,45.0,4.5,493.0,7.77
168,The Cheesecake Factory,(626) 584-6000,2.0,45.0,"['Wheelchair accessible', 'Good for groups', 'Serves alcohol', 'Takes reservations', 'Good for families']","['Restaurants', 'American Restaurants', 'Take Out Restaurants']",Pasadena,CA,91105.0,2023-03-10 07:23:01.599945,,http://www.thecheesecakefactory.com,,4.0,45.0,4.0,431.0,7.86
169,El Toreo,(626) 793-2577,1.0,31.0,"['Wheelchair accessible', 'Serves alcohol']","['Restaurants', 'Mexican Restaurants', 'Family Style Restaurants']",Pasadena,CA,91105.0,2023-03-10 07:23:01.613333,CLOSED NOW,,Order Online,,31.0,4.0,26.0,
170,Islands,(626) 304-9050,,41.0,['Serves alcohol'],"['Restaurants', 'American Restaurants', 'Family Style Restaurants']",Pasadena,CA,91101.0,2023-03-10 07:23:01.626503,CLOSED NOW,http://www.islandsrestaurants.com,,4.0,41.0,,,
171,Daisy Mint,(626) 792-2999,2.0,,['Wheelchair accessible'],"['Restaurants', 'Family Style Restaurants', 'Seafood Restaurants']",Pasadena,CA,91106.0,2023-03-10 07:23:01.639709,CLOSED NOW,http://www.daisymint.com,Order Online,5.0,,4.5,98.0,8.01
172,Osawa Pasadena,(626) 683-1150,3.0,27.0,"['Serves alcohol', 'Takes reservations']","['Restaurants', 'Sushi Bars', 'Japanese Restaurants']",Pasadena,CA,91103.0,2023-03-10 07:23:01.653354,CLOSED NOW,http://www.theosawa.com,Order Online,5.0,27.0,4.5,82.0,9.21
173,The Counter,(626) 440-1008,2.0,14.0,"['Offers outdoor seating', 'Wheelchair accessible', 'Good for groups', 'Serves alcohol', 'Good for families']","['Restaurants', 'Hamburgers & Hot Dogs', 'American Restaurants']",Pasadena,CA,91101.0,2023-03-10 07:23:01.667399,CLOSED NOW,https://www.thecounter.com/stores/pasadena/32012?utm_source=extnet&utm_medium=Yext,Order Online,5.0,14.0,4.0,71.0,7.51
174,Yard House,(626) 577-9273,2.0,27.0,"['Offers outdoor seating', 'Wheelchair accessible', 'Has Wifi']","['Restaurants', 'American Restaurants', 'Sports Bars']",Pasadena,CA,91101.0,2023-03-10 07:23:01.681012,OPEN NOW,https://www.yardhouse.com/locations/ca/pasadena/pasadena-paseo-colorado/8307,,4.5,27.0,4.0,267.0,
175,Shogun Restaurant,(626) 351-8945,2.0,43.0,"['Wheelchair accessible', 'Serves alcohol', 'Takes reservations']","['Restaurants', 'Sushi Bars', 'Family Style Restaurants']",Pasadena,CA,91107.0,2023-03-10 07:23:01.696242,CLOSED NOW,http://www.restaurantshogun.com,Order Online,4.5,43.0,4.0,34.0,8.32
176,Ichima Japanese Cuisine,(626) 351-0560,1.0,18.0,"['Wheelchair accessible', 'Serves alcohol', 'Takes reservations']","['Restaurants', 'Japanese Restaurants', 'Sushi Bars']",Pasadena,CA,91107.0,2023-03-10 07:23:01.711032,CLOSED NOW,https://www.ichimasushi.com,Order Online,3.5,18.0,4.0,48.0,7.84
177,Sushi of Naples,(626) 578-1123,2.0,31.0,"['Wheelchair accessible', 'Serves alcohol', 'Takes reservations']","['Restaurants', 'Sushi Bars', 'Caterers']",Pasadena,CA,91101.0,2023-03-10 07:23:01.726310,CLOSED NOW,http://sushiofnaples.net,Order Online,4.5,31.0,,,
178,Min_s Kitchen,(818) 790-6074,,,,"['Restaurants', 'Take Out Restaurants', 'Fast Food Restaurants', 'Thai Restaurants']",,,,2023-03-10 07:23:01.751407,,,,5.0,,,,
179,Nancy_s Greek Cafe & Bakery,(626) 794-9839,,,,"['Restaurants', 'Greek Restaurants', 'Wedding Supplies & Services', 'Wedding Cakes & Pastries']",,,,2023-03-10 07:23:01.799526,,,,,,,,
180,Bayou Grille,(310) 673-0824,2.0,25.0,"['Offers outdoor seating', 'Wheelchair accessible', 'Has Wifi']","['Restaurants', 'Creole & Cajun Restaurants', 'American Restaurants']",Inglewood,CA,90302.0,2023-03-10 07:23:04.438978,CLOSED NOW,http://www.bayougrille.net,Order Online,,25.0,4.5,10.0,6.69
181,Bourbon Street Fish,(310) 671-3474,2.0,26.0,"['Wheelchair accessible', 'Has Wifi', 'Serves alcohol']","['Restaurants', 'Seafood Restaurants', 'Caterers']",Inglewood,CA,90301.0,2023-03-10 07:23:04.452267,CLOSED NOW,,,5.0,26.0,3.5,8.0,5.59
182,Shakey_s Pizza Parlor,(310) 649-5044,2.0,69.0,"['Wheelchair accessible', 'Serves alcohol']","['Restaurants', 'Pizza', 'Take Out Restaurants']",Inglewood,CA,90301.0,2023-03-10 07:23:04.465208,CLOSED NOW,https://www.shakeys.com/locations/los-angeles/inglewood-pizza-restaurant,Order Online,1.0,69.0,4.0,31.0,7.69
183,La Feria Restaurant,(310) 673-7475,2.0,19.0,"['Offers outdoor seating', 'Wheelchair accessible', 'Serves alcohol', 'Takes reservations']","['Restaurants', 'Mexican Restaurants', 'Family Style Restaurants']",Inglewood,CA,90304.0,2023-03-10 07:23:04.478745,CLOSED NOW,https://www.facebook.com/La-Feria-Restaurant-421853764525223,,,19.0,4.5,4.0,7.58
184,El Fandango Restaurant,(310) 680-5514,1.0,15.0,,"['Restaurants', 'Family Style Restaurants']",Inglewood,CA,90304.0,2023-03-10 07:23:04.492677,CLOSED NOW,http://elsupermarkets.com,,,15.0,,,
185,Fiesta Martin Mexican Grill,(310) 672-1330,2.0,13.0,"['Offers outdoor seating', 'Wheelchair accessible', 'Has Wifi', 'Serves alcohol', 'Takes reservations']","['Restaurants', 'Mexican Restaurants', 'Latin American Restaurants']",Inglewood,CA,90302.0,2023-03-10 07:23:04.508517,CLOSED NOW,http://www.fiestamartin.net,,5.0,13.0,4.5,57.0,8.14
186,Royal Buffet,(310) 672-3333,2.0,17.0,"['Wheelchair accessible', 'Serves alcohol']","['Restaurants', 'Pizza', 'Buffet Restaurants']",Inglewood,CA,90303.0,2023-03-10 07:23:04.524863,CLOSED NOW,http://www.facebook.com/pages/Royal-Buffet/333432463377857,Order Online,4.5,17.0,3.5,10.0,
187,Stuff I Eat,(310) 671-0115,2.0,15.0,['Wheelchair accessible'],"['Restaurants', 'American Restaurants', 'Caterers']",Inglewood,CA,90301.0,2023-03-10 07:23:04.541254,CLOSED NOW,http://www.stuffieat.com,Order Online,,15.0,4.5,44.0,8.95
188,La Perla,(310) 677-5277,1.0,37.0,"['Wheelchair accessible', 'Serves alcohol']","['Restaurants', 'Mexican Restaurants', 'Caterers']",Inglewood,CA,90303.0,2023-03-10 07:23:04.557243,CLOSED NOW,,,,37.0,,,
189,Chili_s Grill & Bar,(310) 674-2505,,48.0,"['Wheelchair accessible', 'Good for groups', 'Serves alcohol', 'Good for families']","['Restaurants', 'American Restaurants', 'Bars']",Inglewood,CA,90303.0,2023-03-10 07:23:04.574415,CLOSED NOW,http://www.chilis.com/locations/us/california/inglewood/inglewood,,2.0,48.0,3.0,26.0,6.16
190,Casa Gamino Restaurant,(310) 671-7661,2.0,53.0,"['Wheelchair accessible', 'Serves alcohol']","['Restaurants', 'Mexican Restaurants', 'Family Style Restaurants']",Inglewood,CA,90304.0,2023-03-10 07:23:04.591426,CLOSED NOW,http://www.casagaminoinglewood.com,Order Online,,53.0,4.0,201.0,6.58
191,Thai Plate Restaurant,(310) 412-0111,2.0,,"['Wheelchair accessible', 'Serves alcohol', 'Takes reservations']","['Restaurants', 'Thai Restaurants', 'Caterers']",Inglewood,CA,90304.0,2023-03-10 07:23:04.608754,CLOSED NOW,https://www.thaiplate-lax.com,Order Online,3.5,,5.0,7.0,6.99
192,Hibachi Buffet,(323) 418-0707,,,,"['Restaurants', 'Buffet Restaurants', 'Chinese Restaurants']",Inglewood,CA,90303.0,2023-03-10 07:23:04.624053,CLOSED NOW,,,3.5,,,,
193,House of Taco Restaurant,(310) 673-4372,1.0,,"['Wheelchair accessible', 'Has Wifi', 'Serves alcohol', 'Takes reservations']","['Restaurants', 'Mexican Restaurants', 'Caterers']",Inglewood,CA,90301.0,2023-03-10 07:23:04.638037,CLOSED NOW,https://www.facebook.com/HouseofTacoLA,Order Online,5.0,,4.5,4.0,7.13
194,Piara Pizza,(310) 674-2222,1.0,10.0,,"['Restaurants', 'Pizza', 'American Restaurants']",Inglewood,CA,90304.0,2023-03-10 07:23:04.653442,OPEN NOW,http://piarapizza.com,Order Online,5.0,10.0,4.0,4.0,
195,Big Fish Market,(323) 750-6000,1.0,,['Wheelchair accessible'],"['Restaurants', 'Seafood Restaurants', 'Fish & Seafood Markets']",Inglewood,CA,90305.0,2023-03-10 07:23:04.668508,CLOSED NOW,https://big-fish-market.business.site,,5.0,,3.5,3.0,6.18
196,Red Lobster,(310) 677-8430,2.0,16.0,"['Wheelchair accessible', 'Serves alcohol', 'Takes reservations']","['Restaurants', 'Seafood Restaurants', 'American Restaurants']",Inglewood,CA,90303.0,2023-03-10 07:23:04.687755,CLOSED NOW,https://www.redlobster.com/seafood-restaurants/locations/ca/inglewood/3400-w-century-blvd,Order Online,3.0,16.0,4.0,104.0,7.44
197,Jaranin Thai Dishes,(310) 643-6199,1.0,20.0,"['Offers outdoor seating', 'Serves alcohol', 'Good for families']","['Restaurants', 'Thai Restaurants', 'Caterers']",Inglewood,CA,90304.0,2023-03-10 07:23:04.702597,CLOSED NOW,,Order Online,4.0,20.0,3.5,6.0,6.02
198,Chana Thai Cuisine,(310) 342-0407,1.0,18.0,"['Wheelchair accessible', 'Takes reservations']","['Restaurants', 'Thai Restaurants', 'Mediterranean Restaurants']",Inglewood,CA,90301.0,2023-03-10 07:23:04.719344,CLOSED NOW,http://www.chanathai.com,Order Online,4.0,18.0,5.0,2.0,7.33
199,R & R Jino_s Pizza,(310) 674-8000,2.0,35.0,"['Wheelchair accessible', 'Serves alcohol']","['Restaurants', 'Pizza', 'Italian Restaurants']",Inglewood,CA,90302.0,2023-03-10 07:23:04.733666,CLOSED NOW,http://prod.getmymeal.com/en/jinospizzeria,Order Online,2.0,35.0,5.0,1.0,
200,Airport Royal Cuisine,(424) 351-8277,2.0,,,"['Restaurants', 'American Restaurants', 'African Restaurants']",Inglewood,CA,90304.0,2023-03-10 07:23:04.748442,CLOSED NOW,http://airportroyalcuisine.com,,1.0,,,,
201,Halal Kabob House,(310) 641-4435,2.0,,,"['Restaurants', 'Indian Restaurants', 'Middle Eastern Restaurants']",Inglewood,CA,90301.0,2023-03-10 07:23:04.760598,CLOSED NOW,https://www.halalkabobhouse.com,,,,,,
202,Kikka,(310) 410-1151,,37.0,,"['Restaurants', 'Japanese Restaurants', 'Asian Restaurants']",Inglewood,CA,90301.0,2023-03-10 07:23:04.773380,CLOSED NOW,http://www.kikkasushi.com,,,37.0,,,
203,Century Bar & Grill,(310) 330-2800,3.0,,,"['Restaurants', 'American Restaurants']",Inglewood,CA,90303.0,2023-03-10 07:23:04.786459,CLOSED NOW,http://www.playhpc.com/assets/CenturyBar&Grill Menu_Final_10.23.17.pdf,,,,4.5,3.0,
204,Midnight Munchies,(310) 202-8322,1.0,,,"['Restaurants', 'American Restaurants']",Inglewood,CA,90303.0,2023-03-10 07:23:04.799641,CLOSED NOW,,Order Online,,,,,
205,Norms Restaurants,(323) 327-9885,2.0,,,"['Restaurants', 'Breakfast, Brunch & Lunch Restaurants', 'American Restaurants']",Inglewood,CA,90303.0,2023-03-10 07:23:04.812450,OPEN NOW,http://norms.com,Order Online,,,3.0,5.0,
206,Indian Grill Express,(310) 725-9842,,17.0,['Wheelchair accessible'],"['Restaurants', 'Indian Restaurants', 'Vegetarian Restaurants']",Inglewood,CA,90304.0,2023-03-10 07:23:04.824765,CLOSED NOW,,,,17.0,,,
207,Mutiara Food & Market,(310) 419-7221,1.0,16.0,"['Wheelchair accessible', 'Has Wifi']","['Restaurants', 'Asian Restaurants', 'Caterers']",Inglewood,CA,90301.0,2023-03-10 07:23:04.837469,CLOSED NOW,http://mutiara-food-and-market.top-cafes.com,Order Online,,16.0,3.0,1.0,6.9
208,Woodz Seafood,(424) 331-9216,1.0,,"['Offers outdoor seating', 'Has Wifi']","['Restaurants', 'Seafood Restaurants', 'Caterers']",Inglewood,CA,90301.0,2023-03-10 07:23:04.850397,CLOSED NOW,,,,,,,
209,Big Daddy_s Kick'n Chicken,(424) 308-9008,1.0,,,"['Restaurants', 'American Restaurants']",Inglewood,CA,90301.0,2023-03-10 07:23:04.863488,OPEN NOW,http://orderbigdaddyskickinchickenca.com,Order Online,,,,,
210,Greco_s New York Pizzaria,(818) 918-6344,,,,"['Restaurants', 'Pizza', 'Caterers', 'Italian Restaurants']",,,,2023-03-10 07:23:04.877524,,,,,,,,
